{
  "Get Tarjeta From" : {
    "transaction" : "Get Tarjeta From",
    "sampleCount" : 120,
    "errorCount" : 0,
    "errorPct" : 0.0,
    "meanResTime" : 13.941666666666661,
    "medianResTime" : 13.0,
    "minResTime" : 7.0,
    "maxResTime" : 70.0,
    "pct1ResTime" : 17.0,
    "pct2ResTime" : 20.94999999999999,
    "pct3ResTime" : 63.06999999999974,
    "throughput" : 0.7084410754135524,
    "receivedKBytesPerSec" : 1.0695799829974142,
    "sentKBytesPerSec" : 0.1490216871524211
  },
  "Post Pago" : {
    "transaction" : "Post Pago",
    "sampleCount" : 120,
    "errorCount" : 0,
    "errorPct" : 0.0,
    "meanResTime" : 84.92499999999997,
    "medianResTime" : 84.5,
    "minResTime" : 42.0,
    "maxResTime" : 175.0,
    "pct1ResTime" : 111.0,
    "pct2ResTime" : 118.89999999999998,
    "pct3ResTime" : 165.33999999999963,
    "throughput" : 0.7107320540156361,
    "receivedKBytesPerSec" : 0.4587830934612651,
    "sentKBytesPerSec" : 0.30886305081734183
  },
  "Total" : {
    "transaction" : "Total",
    "sampleCount" : 600,
    "errorCount" : 0,
    "errorPct" : 0.0,
    "meanResTime" : 61.886666666666734,
    "medianResTime" : 72.0,
    "minResTime" : 5.0,
    "maxResTime" : 211.0,
    "pct1ResTime" : 117.0,
    "pct2ResTime" : 134.94999999999993,
    "pct3ResTime" : 171.91000000000008,
    "throughput" : 3.311587243765937,
    "receivedKBytesPerSec" : 3.8025041808788953,
    "sentKBytesPerSec" : 2.3431959128114275
  },
  "Post tarjeta" : {
    "transaction" : "Post tarjeta",
    "sampleCount" : 120,
    "errorCount" : 0,
    "errorPct" : 0.0,
    "meanResTime" : 105.45833333333331,
    "medianResTime" : 98.0,
    "minResTime" : 57.0,
    "maxResTime" : 211.0,
    "pct1ResTime" : 146.50000000000003,
    "pct2ResTime" : 162.79999999999995,
    "pct3ResTime" : 205.9599999999998,
    "throughput" : 0.7095385634209219,
    "receivedKBytesPerSec" : 1.2721804711336062,
    "sentKBytesPerSec" : 1.026330671208699
  },
  "Post tarjeta-1" : {
    "transaction" : "Post tarjeta-1",
    "sampleCount" : 120,
    "errorCount" : 0,
    "errorPct" : 0.0,
    "meanResTime" : 11.916666666666663,
    "medianResTime" : 10.0,
    "minResTime" : 5.0,
    "maxResTime" : 90.0,
    "pct1ResTime" : 17.900000000000006,
    "pct2ResTime" : 24.94999999999999,
    "pct3ResTime" : 80.96999999999966,
    "throughput" : 0.7098827510322878,
    "receivedKBytesPerSec" : 0.9497454774553069,
    "sentKBytesPerSec" : 0.20866670709054555
  },
  "Post tarjeta-0" : {
    "transaction" : "Post tarjeta-0",
    "sampleCount" : 120,
    "errorCount" : 0,
    "errorPct" : 0.0,
    "meanResTime" : 93.19166666666668,
    "medianResTime" : 88.0,
    "minResTime" : 50.0,
    "maxResTime" : 161.0,
    "pct1ResTime" : 129.9,
    "pct2ResTime" : 139.95,
    "pct3ResTime" : 161.0,
    "throughput" : 0.7095679322599147,
    "receivedKBytesPerSec" : 0.322908844172969,
    "sentKBytesPerSec" : 0.8177989849482903
  }
}