{
  "Get Tarjeta From" : {
    "transaction" : "Get Tarjeta From",
    "sampleCount" : 30,
    "errorCount" : 0,
    "errorPct" : 0.0,
    "meanResTime" : 15.333333333333337,
    "medianResTime" : 14.0,
    "minResTime" : 12.0,
    "maxResTime" : 29.0,
    "pct1ResTime" : 20.900000000000002,
    "pct2ResTime" : 27.349999999999998,
    "pct3ResTime" : 29.0,
    "throughput" : 0.17638654523432953,
    "receivedKBytesPerSec" : 0.2663023427072983,
    "sentKBytesPerSec" : 0.03710318539401815
  },
  "Post Pago" : {
    "transaction" : "Post Pago",
    "sampleCount" : 30,
    "errorCount" : 0,
    "errorPct" : 0.0,
    "meanResTime" : 82.60000000000001,
    "medianResTime" : 80.0,
    "minResTime" : 56.0,
    "maxResTime" : 162.0,
    "pct1ResTime" : 97.20000000000002,
    "pct2ResTime" : 128.44999999999996,
    "pct3ResTime" : 162.0,
    "throughput" : 0.17609147365084582,
    "receivedKBytesPerSec" : 0.11366842195625887,
    "sentKBytesPerSec" : 0.07652412673303358
  },
  "Total" : {
    "transaction" : "Total",
    "sampleCount" : 150,
    "errorCount" : 0,
    "errorPct" : 0.0,
    "meanResTime" : 61.17999999999998,
    "medianResTime" : 77.5,
    "minResTime" : 10.0,
    "maxResTime" : 192.0,
    "pct1ResTime" : 100.0,
    "pct2ResTime" : 112.24999999999994,
    "pct3ResTime" : 183.33000000000015,
    "throughput" : 0.82750859229755,
    "receivedKBytesPerSec" : 0.9501802761947845,
    "sentKBytesPerSec" : 0.5840077241031186
  },
  "Post tarjeta" : {
    "transaction" : "Post tarjeta",
    "sampleCount" : 30,
    "errorCount" : 0,
    "errorPct" : 0.0,
    "meanResTime" : 104.23333333333332,
    "medianResTime" : 98.5,
    "minResTime" : 78.0,
    "maxResTime" : 192.0,
    "pct1ResTime" : 116.9,
    "pct2ResTime" : 182.64999999999998,
    "pct3ResTime" : 192.0,
    "throughput" : 0.1761721319176924,
    "receivedKBytesPerSec" : 0.3158711271493,
    "sentKBytesPerSec" : 0.2540216335707742
  },
  "Post tarjeta-1" : {
    "transaction" : "Post tarjeta-1",
    "sampleCount" : 30,
    "errorCount" : 0,
    "errorPct" : 0.0,
    "meanResTime" : 17.633333333333333,
    "medianResTime" : 15.0,
    "minResTime" : 10.0,
    "maxResTime" : 94.0,
    "pct1ResTime" : 20.900000000000002,
    "pct2ResTime" : 54.39999999999995,
    "pct3ResTime" : 94.0,
    "throughput" : 0.176260112923979,
    "receivedKBytesPerSec" : 0.23581675264243285,
    "sentKBytesPerSec" : 0.0518108339747243
  },
  "Post tarjeta-0" : {
    "transaction" : "Post tarjeta-0",
    "sampleCount" : 30,
    "errorCount" : 0,
    "errorPct" : 0.0,
    "meanResTime" : 86.1,
    "medianResTime" : 84.5,
    "minResTime" : 64.0,
    "maxResTime" : 156.0,
    "pct1ResTime" : 98.9,
    "pct2ResTime" : 125.19999999999996,
    "pct3ResTime" : 156.0,
    "throughput" : 0.17618868633715468,
    "receivedKBytesPerSec" : 0.08017961702452547,
    "sentKBytesPerSec" : 0.20225566483332552
  }
}