{
  "Get Tarjeta From" : {
    "transaction" : "Get Tarjeta From",
    "sampleCount" : 70,
    "errorCount" : 0,
    "errorPct" : 0.0,
    "meanResTime" : 13.514285714285709,
    "medianResTime" : 12.0,
    "minResTime" : 6.0,
    "maxResTime" : 42.0,
    "pct1ResTime" : 19.9,
    "pct2ResTime" : 26.0,
    "pct3ResTime" : 42.0,
    "throughput" : 0.40225261464199513,
    "receivedKBytesPerSec" : 0.607307170152856,
    "sentKBytesPerSec" : 0.08461446600965405
  },
  "Post Pago" : {
    "transaction" : "Post Pago",
    "sampleCount" : 70,
    "errorCount" : 0,
    "errorPct" : 0.0,
    "meanResTime" : 80.74285714285713,
    "medianResTime" : 78.0,
    "minResTime" : 47.0,
    "maxResTime" : 160.0,
    "pct1ResTime" : 109.69999999999999,
    "pct2ResTime" : 121.25000000000001,
    "pct3ResTime" : 160.0,
    "throughput" : 0.3991242074533595,
    "receivedKBytesPerSec" : 0.2576377940690143,
    "sentKBytesPerSec" : 0.17344753155932127
  },
  "Total" : {
    "transaction" : "Total",
    "sampleCount" : 350,
    "errorCount" : 0,
    "errorPct" : 0.0,
    "meanResTime" : 57.52000000000002,
    "medianResTime" : 65.0,
    "minResTime" : 6.0,
    "maxResTime" : 160.0,
    "pct1ResTime" : 107.90000000000003,
    "pct2ResTime" : 124.0,
    "pct3ResTime" : 155.49,
    "throughput" : 1.8749464301019971,
    "receivedKBytesPerSec" : 2.152892590345633,
    "sentKBytesPerSec" : 1.32827189870468
  },
  "Post tarjeta" : {
    "transaction" : "Post tarjeta",
    "sampleCount" : 70,
    "errorCount" : 0,
    "errorPct" : 0.0,
    "meanResTime" : 96.87142857142858,
    "medianResTime" : 94.5,
    "minResTime" : 62.0,
    "maxResTime" : 158.0,
    "pct1ResTime" : 134.89999999999998,
    "pct2ResTime" : 150.45,
    "pct3ResTime" : 158.0,
    "throughput" : 0.40277338243332667,
    "receivedKBytesPerSec" : 0.7221600880347536,
    "sentKBytesPerSec" : 0.5834651187462241
  },
  "Post tarjeta-1" : {
    "transaction" : "Post tarjeta-1",
    "sampleCount" : 70,
    "errorCount" : 0,
    "errorPct" : 0.0,
    "meanResTime" : 10.271428571428574,
    "medianResTime" : 9.0,
    "minResTime" : 6.0,
    "maxResTime" : 33.0,
    "pct1ResTime" : 16.0,
    "pct2ResTime" : 17.900000000000006,
    "pct3ResTime" : 33.0,
    "throughput" : 0.40292639685947657,
    "receivedKBytesPerSec" : 0.539071448923323,
    "sentKBytesPerSec" : 0.11843832563935784
  },
  "Post tarjeta-0" : {
    "transaction" : "Post tarjeta-0",
    "sampleCount" : 70,
    "errorCount" : 0,
    "errorPct" : 0.0,
    "meanResTime" : 86.19999999999999,
    "medianResTime" : 85.0,
    "minResTime" : 53.0,
    "maxResTime" : 141.0,
    "pct1ResTime" : 121.59999999999998,
    "pct2ResTime" : 133.45,
    "pct3ResTime" : 141.0,
    "throughput" : 0.4027965589665391,
    "receivedKBytesPerSec" : 0.18330390281094455,
    "sentKBytesPerSec" : 0.4650985323100383
  }
}