{
  "Get Tarjeta From" : {
    "transaction" : "Get Tarjeta From",
    "sampleCount" : 50,
    "errorCount" : 0,
    "errorPct" : 0.0,
    "meanResTime" : 13.58,
    "medianResTime" : 12.0,
    "minResTime" : 7.0,
    "maxResTime" : 28.0,
    "pct1ResTime" : 20.9,
    "pct2ResTime" : 26.349999999999987,
    "pct3ResTime" : 28.0,
    "throughput" : 0.3011268165475208,
    "receivedKBytesPerSec" : 0.4546309163891281,
    "sentKBytesPerSec" : 0.06334249637142186
  },
  "Post Pago" : {
    "transaction" : "Post Pago",
    "sampleCount" : 50,
    "errorCount" : 0,
    "errorPct" : 0.0,
    "meanResTime" : 85.77999999999997,
    "medianResTime" : 84.0,
    "minResTime" : 54.0,
    "maxResTime" : 149.0,
    "pct1ResTime" : 105.69999999999999,
    "pct2ResTime" : 129.59999999999988,
    "pct3ResTime" : 149.0,
    "throughput" : 0.3019414837404511,
    "receivedKBytesPerSec" : 0.1949055866723029,
    "sentKBytesPerSec" : 0.1312148049458015
  },
  "Total" : {
    "transaction" : "Total",
    "sampleCount" : 250,
    "errorCount" : 0,
    "errorPct" : 0.0,
    "meanResTime" : 60.63600000000003,
    "medianResTime" : 71.5,
    "minResTime" : 6.0,
    "maxResTime" : 198.0,
    "pct1ResTime" : 109.9,
    "pct2ResTime" : 135.45,
    "pct3ResTime" : 186.47000000000003,
    "throughput" : 1.4072535476861938,
    "receivedKBytesPerSec" : 1.6158678919623306,
    "sentKBytesPerSec" : 0.9957308325030537
  },
  "Post tarjeta" : {
    "transaction" : "Post tarjeta",
    "sampleCount" : 50,
    "errorCount" : 0,
    "errorPct" : 0.0,
    "meanResTime" : 102.22,
    "medianResTime" : 94.0,
    "minResTime" : 64.0,
    "maxResTime" : 198.0,
    "pct1ResTime" : 144.8,
    "pct2ResTime" : 186.35,
    "pct3ResTime" : 198.0,
    "throughput" : 0.30423248229366956,
    "receivedKBytesPerSec" : 0.5454793334874778,
    "sentKBytesPerSec" : 0.44006158996458733
  },
  "Post tarjeta-1" : {
    "transaction" : "Post tarjeta-1",
    "sampleCount" : 50,
    "errorCount" : 0,
    "errorPct" : 0.0,
    "meanResTime" : 10.46,
    "medianResTime" : 9.0,
    "minResTime" : 6.0,
    "maxResTime" : 23.0,
    "pct1ResTime" : 17.699999999999996,
    "pct2ResTime" : 18.449999999999996,
    "pct3ResTime" : 23.0,
    "throughput" : 0.3044621979734996,
    "receivedKBytesPerSec" : 0.4073371203356392,
    "sentKBytesPerSec" : 0.08949523592775721
  },
  "Post tarjeta-0" : {
    "transaction" : "Post tarjeta-0",
    "sampleCount" : 50,
    "errorCount" : 0,
    "errorPct" : 0.0,
    "meanResTime" : 91.14000000000001,
    "medianResTime" : 82.0,
    "minResTime" : 57.0,
    "maxResTime" : 183.0,
    "pct1ResTime" : 131.79999999999998,
    "pct2ResTime" : 171.94999999999996,
    "pct3ResTime" : 183.0,
    "throughput" : 0.3042454408820684,
    "receivedKBytesPerSec" : 0.13845544477641003,
    "sentKBytesPerSec" : 0.350648812910351
  }
}