{
  "Get Tarjeta From" : {
    "transaction" : "Get Tarjeta From",
    "sampleCount" : 150,
    "errorCount" : 0,
    "errorPct" : 0.0,
    "meanResTime" : 96.20000000000005,
    "medianResTime" : 15.0,
    "minResTime" : 6.0,
    "maxResTime" : 3866.0,
    "pct1ResTime" : 48.60000000000008,
    "pct2ResTime" : 107.79999999999973,
    "pct3ResTime" : 3766.040000000002,
    "throughput" : 0.865581035696562,
    "receivedKBytesPerSec" : 1.306824493346567,
    "sentKBytesPerSec" : 0.18207632332914006
  },
  "Post Pago" : {
    "transaction" : "Post Pago",
    "sampleCount" : 150,
    "errorCount" : 0,
    "errorPct" : 0.0,
    "meanResTime" : 91.44666666666672,
    "medianResTime" : 80.0,
    "minResTime" : 58.0,
    "maxResTime" : 348.0,
    "pct1ResTime" : 124.0,
    "pct2ResTime" : 180.79999999999973,
    "pct3ResTime" : 327.60000000000036,
    "throughput" : 0.8629368617862793,
    "receivedKBytesPerSec" : 0.5570324859772761,
    "sentKBytesPerSec" : 0.3750067416942327
  },
  "Total" : {
    "transaction" : "Total",
    "sampleCount" : 750,
    "errorCount" : 0,
    "errorPct" : 0.0,
    "meanResTime" : 127.82266666666655,
    "medianResTime" : 80.0,
    "minResTime" : 6.0,
    "maxResTime" : 4560.0,
    "pct1ResTime" : 168.89999999999998,
    "pct2ResTime" : 235.89999999999986,
    "pct3ResTime" : 2734.160000000007,
    "throughput" : 4.036229193238509,
    "receivedKBytesPerSec" : 4.634568638095545,
    "sentKBytesPerSec" : 2.853666594687246
  },
  "Post tarjeta" : {
    "transaction" : "Post tarjeta",
    "sampleCount" : 150,
    "errorCount" : 0,
    "errorPct" : 0.0,
    "meanResTime" : 225.94666666666657,
    "medianResTime" : 104.5,
    "minResTime" : 61.0,
    "maxResTime" : 4560.0,
    "pct1ResTime" : 264.6,
    "pct2ResTime" : 346.45,
    "pct3ResTime" : 4451.880000000002,
    "throughput" : 0.8630113342155227,
    "receivedKBytesPerSec" : 1.547352353144238,
    "sentKBytesPerSec" : 1.2471131821385422
  },
  "Post tarjeta-1" : {
    "transaction" : "Post tarjeta-1",
    "sampleCount" : 150,
    "errorCount" : 0,
    "errorPct" : 0.0,
    "meanResTime" : 42.58000000000001,
    "medianResTime" : 17.0,
    "minResTime" : 8.0,
    "maxResTime" : 416.0,
    "pct1ResTime" : 113.80000000000001,
    "pct2ResTime" : 169.34999999999997,
    "pct3ResTime" : 340.52000000000135,
    "throughput" : 0.863398798148873,
    "receivedKBytesPerSec" : 1.1551331576796444,
    "sentKBytesPerSec" : 0.2537920295339949
  },
  "Post tarjeta-0" : {
    "transaction" : "Post tarjeta-0",
    "sampleCount" : 150,
    "errorCount" : 0,
    "errorPct" : 0.0,
    "meanResTime" : 182.9399999999999,
    "medianResTime" : 87.0,
    "minResTime" : 48.0,
    "maxResTime" : 4142.0,
    "pct1ResTime" : 172.70000000000002,
    "pct2ResTime" : 235.34999999999997,
    "pct3ResTime" : 4109.870000000001,
    "throughput" : 0.8630907856427724,
    "receivedKBytesPerSec" : 0.3927737364350898,
    "sentKBytesPerSec" : 0.9935265044391636
  }
}