{
  "Get Tarjeta From" : {
    "transaction" : "Get Tarjeta From",
    "sampleCount" : 20,
    "errorCount" : 0,
    "errorPct" : 0.0,
    "meanResTime" : 27.800000000000004,
    "medianResTime" : 20.0,
    "minResTime" : 11.0,
    "maxResTime" : 120.0,
    "pct1ResTime" : 66.30000000000005,
    "pct2ResTime" : 117.44999999999996,
    "pct3ResTime" : 120.0,
    "throughput" : 0.12041011685801842,
    "receivedKBytesPerSec" : 0.1821438193487017,
    "sentKBytesPerSec" : 0.025328456221891765
  },
  "Post Pago" : {
    "transaction" : "Post Pago",
    "sampleCount" : 20,
    "errorCount" : 0,
    "errorPct" : 0.0,
    "meanResTime" : 141.95000000000005,
    "medianResTime" : 88.5,
    "minResTime" : 64.0,
    "maxResTime" : 869.0,
    "pct1ResTime" : 368.4000000000006,
    "pct2ResTime" : 845.3999999999996,
    "pct3ResTime" : 869.0,
    "throughput" : 0.11903699074487398,
    "receivedKBytesPerSec" : 0.07637431925720918,
    "sentKBytesPerSec" : 0.05103245989941375
  },
  "Total" : {
    "transaction" : "Total",
    "sampleCount" : 100,
    "errorCount" : 0,
    "errorPct" : 0.0,
    "meanResTime" : 84.90000000000003,
    "medianResTime" : 87.0,
    "minResTime" : 11.0,
    "maxResTime" : 869.0,
    "pct1ResTime" : 128.40000000000003,
    "pct2ResTime" : 150.24999999999983,
    "pct3ResTime" : 864.2799999999976,
    "throughput" : 0.556476833869406,
    "receivedKBytesPerSec" : 0.6401657327130471,
    "sentKBytesPerSec" : 0.39324000637165973
  },
  "Post tarjeta" : {
    "transaction" : "Post tarjeta",
    "sampleCount" : 20,
    "errorCount" : 0,
    "errorPct" : 0.0,
    "meanResTime" : 127.80000000000001,
    "medianResTime" : 116.0,
    "minResTime" : 96.0,
    "maxResTime" : 317.0,
    "pct1ResTime" : 149.50000000000003,
    "pct2ResTime" : 308.6999999999999,
    "pct3ResTime" : 317.0,
    "throughput" : 0.11951215139799339,
    "receivedKBytesPerSec" : 0.21498181921396856,
    "sentKBytesPerSec" : 0.1729483218253091
  },
  "Post tarjeta-1" : {
    "transaction" : "Post tarjeta-1",
    "sampleCount" : 20,
    "errorCount" : 0,
    "errorPct" : 0.0,
    "meanResTime" : 24.650000000000006,
    "medianResTime" : 17.0,
    "minResTime" : 11.0,
    "maxResTime" : 67.0,
    "pct1ResTime" : 58.10000000000004,
    "pct2ResTime" : 66.64999999999999,
    "pct3ResTime" : 67.0,
    "throughput" : 0.11959934220361788,
    "receivedKBytesPerSec" : 0.16036122738824937,
    "sentKBytesPerSec" : 0.0351556660188369
  },
  "Post tarjeta-0" : {
    "transaction" : "Post tarjeta-0",
    "sampleCount" : 20,
    "errorCount" : 0,
    "errorPct" : 0.0,
    "meanResTime" : 102.3,
    "medianResTime" : 93.5,
    "minResTime" : 80.0,
    "maxResTime" : 250.0,
    "pct1ResTime" : 117.70000000000003,
    "pct2ResTime" : 243.4499999999999,
    "pct3ResTime" : 250.0,
    "throughput" : 0.11952357901404999,
    "receivedKBytesPerSec" : 0.05474273296639595,
    "sentKBytesPerSec" : 0.13783146316283296
  }
}