{
  "Get Tarjeta From" : {
    "transaction" : "Get Tarjeta From",
    "sampleCount" : 100,
    "errorCount" : 0,
    "errorPct" : 0.0,
    "meanResTime" : 18.00999999999999,
    "medianResTime" : 14.0,
    "minResTime" : 6.0,
    "maxResTime" : 169.0,
    "pct1ResTime" : 21.700000000000017,
    "pct2ResTime" : 40.59999999999991,
    "pct3ResTime" : 168.33999999999966,
    "throughput" : 0.5860118960414896,
    "receivedKBytesPerSec" : 0.8847406164845146,
    "sentKBytesPerSec" : 0.1232685179759149
  },
  "Post Pago" : {
    "transaction" : "Post Pago",
    "sampleCount" : 100,
    "errorCount" : 0,
    "errorPct" : 0.0,
    "meanResTime" : 97.25,
    "medianResTime" : 82.0,
    "minResTime" : 48.0,
    "maxResTime" : 653.0,
    "pct1ResTime" : 148.70000000000002,
    "pct2ResTime" : 213.94999999999953,
    "pct3ResTime" : 648.969999999998,
    "throughput" : 0.580554894368037,
    "receivedKBytesPerSec" : 0.3747527198996801,
    "sentKBytesPerSec" : 0.2522919218689223
  },
  "Total" : {
    "transaction" : "Total",
    "sampleCount" : 500,
    "errorCount" : 0,
    "errorPct" : 0.0,
    "meanResTime" : 68.89400000000006,
    "medianResTime" : 78.5,
    "minResTime" : 6.0,
    "maxResTime" : 653.0,
    "pct1ResTime" : 112.80000000000007,
    "pct2ResTime" : 163.69999999999993,
    "pct3ResTime" : 222.93000000000006,
    "throughput" : 2.727173557325188,
    "receivedKBytesPerSec" : 3.1314557311552305,
    "sentKBytesPerSec" : 1.9327777285371441
  },
  "Post tarjeta" : {
    "transaction" : "Post tarjeta",
    "sampleCount" : 100,
    "errorCount" : 0,
    "errorPct" : 0.0,
    "meanResTime" : 114.83000000000007,
    "medianResTime" : 103.0,
    "minResTime" : 61.0,
    "maxResTime" : 233.0,
    "pct1ResTime" : 174.70000000000002,
    "pct2ResTime" : 188.84999999999997,
    "pct3ResTime" : 232.8099999999999,
    "throughput" : 0.5835190869093329,
    "receivedKBytesPerSec" : 1.0462314878569678,
    "sentKBytesPerSec" : 0.8457037860177157
  },
  "Post tarjeta-1" : {
    "transaction" : "Post tarjeta-1",
    "sampleCount" : 100,
    "errorCount" : 0,
    "errorPct" : 0.0,
    "meanResTime" : 26.36,
    "medianResTime" : 16.0,
    "minResTime" : 8.0,
    "maxResTime" : 100.0,
    "pct1ResTime" : 84.0,
    "pct2ResTime" : 89.89999999999998,
    "pct3ResTime" : 99.97999999999999,
    "throughput" : 0.5838120592218953,
    "receivedKBytesPerSec" : 0.7810766807949184,
    "sentKBytesPerSec" : 0.1716088181892485
  },
  "Post tarjeta-0" : {
    "transaction" : "Post tarjeta-0",
    "sampleCount" : 100,
    "errorCount" : 0,
    "errorPct" : 0.0,
    "meanResTime" : 88.01999999999995,
    "medianResTime" : 85.0,
    "minResTime" : 53.0,
    "maxResTime" : 202.0,
    "pct1ResTime" : 98.0,
    "pct2ResTime" : 133.89999999999998,
    "pct3ResTime" : 201.55999999999977,
    "throughput" : 0.5835769767211144,
    "receivedKBytesPerSec" : 0.2655731163594134,
    "sentKBytesPerSec" : 0.6742479698815922
  }
}