{
  "Get Tarjeta From" : {
    "transaction" : "Get Tarjeta From",
    "sampleCount" : 10,
    "errorCount" : 0,
    "errorPct" : 0.0,
    "meanResTime" : 379256.99999999994,
    "medianResTime" : 17.5,
    "minResTime" : 9.0,
    "maxResTime" : 3792103.0,
    "pct1ResTime" : 3412925.5000000014,
    "pct2ResTime" : 3792103.0,
    "pct3ResTime" : 3792103.0,
    "throughput" : 1.6247576409955338E-4,
    "receivedKBytesPerSec" : 2.4577632674825016E-4,
    "sentKBytesPerSec" : 3.4177030846722456E-5
  },
  "Post Pago" : {
    "transaction" : "Post Pago",
    "sampleCount" : 10,
    "errorCount" : 4,
    "errorPct" : 40.0,
    "meanResTime" : 97.50000000000001,
    "medianResTime" : 75.0,
    "minResTime" : 52.0,
    "maxResTime" : 289.0,
    "pct1ResTime" : 275.00000000000006,
    "pct2ResTime" : 289.0,
    "pct3ResTime" : 289.0,
    "throughput" : 1.624731454230673E-4,
    "receivedKBytesPerSec" : 9.304126218367839E-5,
    "sentKBytesPerSec" : 6.965401449289702E-5
  },
  "Total" : {
    "transaction" : "Total",
    "sampleCount" : 50,
    "errorCount" : 4,
    "errorPct" : 8.0,
    "meanResTime" : 75984.42000000001,
    "medianResTime" : 76.0,
    "minResTime" : 9.0,
    "maxResTime" : 3792103.0,
    "pct1ResTime" : 346.9,
    "pct2ResTime" : 1471.6499999999996,
    "pct3ResTime" : 3792103.0,
    "throughput" : 8.122178619118524E-4,
    "receivedKBytesPerSec" : 9.231680909394205E-4,
    "sentKBytesPerSec" : 5.735971377150148E-4
  },
  "Post tarjeta" : {
    "transaction" : "Post tarjeta",
    "sampleCount" : 10,
    "errorCount" : 0,
    "errorPct" : 0.0,
    "meanResTime" : 284.09999999999997,
    "medianResTime" : 103.5,
    "minResTime" : 77.0,
    "maxResTime" : 1525.0,
    "pct1ResTime" : 1425.7000000000003,
    "pct2ResTime" : 1525.0,
    "pct3ResTime" : 1525.0,
    "throughput" : 1.624749246356E-4,
    "receivedKBytesPerSec" : 2.922644640417727E-4,
    "sentKBytesPerSec" : 2.3493810635540326E-4
  },
  "Post tarjeta-1" : {
    "transaction" : "Post tarjeta-1",
    "sampleCount" : 10,
    "errorCount" : 0,
    "errorPct" : 0.0,
    "meanResTime" : 56.9,
    "medianResTime" : 16.5,
    "minResTime" : 11.0,
    "maxResTime" : 349.0,
    "pct1ResTime" : 323.80000000000007,
    "pct2ResTime" : 349.0,
    "pct3ResTime" : 349.0,
    "throughput" : 1.6247518333740307E-4,
    "receivedKBytesPerSec" : 2.1785002609595158E-4,
    "sentKBytesPerSec" : 4.7758818539607736E-5
  },
  "Post tarjeta-0" : {
    "transaction" : "Post tarjeta-0",
    "sampleCount" : 10,
    "errorCount" : 0,
    "errorPct" : 0.0,
    "meanResTime" : 226.60000000000002,
    "medianResTime" : 85.5,
    "minResTime" : 62.0,
    "maxResTime" : 1428.0,
    "pct1ResTime" : 1303.5000000000005,
    "pct2ResTime" : 1428.0,
    "pct3ResTime" : 1428.0,
    "throughput" : 1.6247584593455378E-4,
    "receivedKBytesPerSec" : 7.441520678057198E-5,
    "sentKBytesPerSec" : 1.871804252431573E-4
  }
}