{
  "Get Tarjeta From" : {
    "transaction" : "Get Tarjeta From",
    "sampleCount" : 150,
    "errorCount" : 0,
    "errorPct" : 0.0,
    "meanResTime" : 18.22666666666667,
    "medianResTime" : 16.0,
    "minResTime" : 8.0,
    "maxResTime" : 83.0,
    "pct1ResTime" : 25.0,
    "pct2ResTime" : 32.89999999999998,
    "pct3ResTime" : 79.94000000000005,
    "throughput" : 0.8664960632195527,
    "receivedKBytesPerSec" : 1.3107445331319212,
    "sentKBytesPerSec" : 0.18226880079833171
  },
  "Post Pago" : {
    "transaction" : "Post Pago",
    "sampleCount" : 150,
    "errorCount" : 0,
    "errorPct" : 0.0,
    "meanResTime" : 95.05999999999995,
    "medianResTime" : 81.0,
    "minResTime" : 44.0,
    "maxResTime" : 318.0,
    "pct1ResTime" : 154.30000000000004,
    "pct2ResTime" : 204.4999999999999,
    "pct3ResTime" : 310.8600000000001,
    "throughput" : 0.8587327394719366,
    "receivedKBytesPerSec" : 0.5534800859877717,
    "sentKBytesPerSec" : 0.37066393637362893
  },
  "Total" : {
    "transaction" : "Total",
    "sampleCount" : 750,
    "errorCount" : 0,
    "errorPct" : 0.0,
    "meanResTime" : 69.67733333333346,
    "medianResTime" : 65.5,
    "minResTime" : 8.0,
    "maxResTime" : 351.0,
    "pct1ResTime" : 139.89999999999998,
    "pct2ResTime" : 178.44999999999993,
    "pct3ResTime" : 281.49,
    "throughput" : 4.028662591450641,
    "receivedKBytesPerSec" : 4.6368962209802005,
    "sentKBytesPerSec" : 2.84664879059549
  },
  "Post tarjeta" : {
    "transaction" : "Post tarjeta",
    "sampleCount" : 150,
    "errorCount" : 0,
    "errorPct" : 0.0,
    "meanResTime" : 117.75333333333332,
    "medianResTime" : 101.0,
    "minResTime" : 66.0,
    "maxResTime" : 351.0,
    "pct1ResTime" : 187.60000000000002,
    "pct2ResTime" : 229.14999999999992,
    "pct3ResTime" : 344.3700000000001,
    "throughput" : 0.8616331970038142,
    "receivedKBytesPerSec" : 1.5499300282041266,
    "sentKBytesPerSec" : 1.2454919081872386
  },
  "Post tarjeta-1" : {
    "transaction" : "Post tarjeta-1",
    "sampleCount" : 150,
    "errorCount" : 0,
    "errorPct" : 0.0,
    "meanResTime" : 20.999999999999996,
    "medianResTime" : 16.5,
    "minResTime" : 9.0,
    "maxResTime" : 80.0,
    "pct1ResTime" : 37.900000000000006,
    "pct2ResTime" : 48.0,
    "pct3ResTime" : 73.88000000000011,
    "throughput" : 0.8623712910848056,
    "receivedKBytesPerSec" : 1.1562849440033576,
    "sentKBytesPerSec" : 0.25348999864895166
  },
  "Post tarjeta-0" : {
    "transaction" : "Post tarjeta-0",
    "sampleCount" : 150,
    "errorCount" : 0,
    "errorPct" : 0.0,
    "meanResTime" : 96.34666666666662,
    "medianResTime" : 84.0,
    "minResTime" : 51.0,
    "maxResTime" : 286.0,
    "pct1ResTime" : 147.0,
    "pct2ResTime" : 186.34999999999997,
    "pct3ResTime" : 283.96000000000004,
    "throughput" : 0.8617024943414869,
    "receivedKBytesPerSec" : 0.39466647445913805,
    "sentKBytesPerSec" : 0.9922986685978377
  }
}