{
  "Get Tarjeta From" : {
    "transaction" : "Get Tarjeta From",
    "sampleCount" : 30,
    "errorCount" : 0,
    "errorPct" : 0.0,
    "meanResTime" : 13.033333333333335,
    "medianResTime" : 12.0,
    "minResTime" : 4.0,
    "maxResTime" : 38.0,
    "pct1ResTime" : 19.800000000000004,
    "pct2ResTime" : 29.74999999999999,
    "pct3ResTime" : 38.0,
    "throughput" : 0.17230585437857893,
    "receivedKBytesPerSec" : 0.2601414559270342,
    "sentKBytesPerSec" : 0.03624480569643154
  },
  "Post Pago" : {
    "transaction" : "Post Pago",
    "sampleCount" : 30,
    "errorCount" : 0,
    "errorPct" : 0.0,
    "meanResTime" : 91.93333333333334,
    "medianResTime" : 92.0,
    "minResTime" : 62.0,
    "maxResTime" : 130.0,
    "pct1ResTime" : 113.80000000000001,
    "pct2ResTime" : 127.8,
    "pct3ResTime" : 130.0,
    "throughput" : 0.1723216901311368,
    "receivedKBytesPerSec" : 0.11123499724285296,
    "sentKBytesPerSec" : 0.07488589073081629
  },
  "Total" : {
    "transaction" : "Total",
    "sampleCount" : 150,
    "errorCount" : 0,
    "errorPct" : 0.0,
    "meanResTime" : 63.35333333333334,
    "medianResTime" : 78.5,
    "minResTime" : 4.0,
    "maxResTime" : 153.0,
    "pct1ResTime" : 120.70000000000002,
    "pct2ResTime" : 129.45,
    "pct3ResTime" : 149.43000000000006,
    "throughput" : 0.8064906366437086,
    "receivedKBytesPerSec" : 0.9260465728180395,
    "sentKBytesPerSec" : 0.57112768561382
  },
  "Post tarjeta" : {
    "transaction" : "Post tarjeta",
    "sampleCount" : 30,
    "errorCount" : 0,
    "errorPct" : 0.0,
    "meanResTime" : 106.2,
    "medianResTime" : 99.0,
    "minResTime" : 73.0,
    "maxResTime" : 153.0,
    "pct1ResTime" : 132.9,
    "pct2ResTime" : 149.15,
    "pct3ResTime" : 153.0,
    "throughput" : 0.172673796175851,
    "receivedKBytesPerSec" : 0.30959872048717035,
    "sentKBytesPerSec" : 0.25002288827142016
  },
  "Post tarjeta-1" : {
    "transaction" : "Post tarjeta-1",
    "sampleCount" : 30,
    "errorCount" : 0,
    "errorPct" : 0.0,
    "meanResTime" : 11.166666666666666,
    "medianResTime" : 10.5,
    "minResTime" : 6.0,
    "maxResTime" : 22.0,
    "pct1ResTime" : 14.900000000000002,
    "pct2ResTime" : 18.699999999999996,
    "pct3ResTime" : 22.0,
    "throughput" : 0.17277523094289202,
    "receivedKBytesPerSec" : 0.23115436171070516,
    "sentKBytesPerSec" : 0.050786469251768065
  },
  "Post tarjeta-0" : {
    "transaction" : "Post tarjeta-0",
    "sampleCount" : 30,
    "errorCount" : 0,
    "errorPct" : 0.0,
    "meanResTime" : 94.43333333333331,
    "medianResTime" : 89.0,
    "minResTime" : 66.0,
    "maxResTime" : 130.0,
    "pct1ResTime" : 120.60000000000001,
    "pct2ResTime" : 130.0,
    "pct3ResTime" : 130.0,
    "throughput" : 0.17269665831966152,
    "receivedKBytesPerSec" : 0.07859047146187721,
    "sentKBytesPerSec" : 0.19929261829721096
  }
}