{
  "Get Tarjeta From" : {
    "transaction" : "Get Tarjeta From",
    "sampleCount" : 120,
    "errorCount" : 0,
    "errorPct" : 0.0,
    "meanResTime" : 17.233333333333334,
    "medianResTime" : 15.5,
    "minResTime" : 9.0,
    "maxResTime" : 50.0,
    "pct1ResTime" : 23.900000000000006,
    "pct2ResTime" : 29.0,
    "pct3ResTime" : 50.0,
    "throughput" : 0.690929818803655,
    "receivedKBytesPerSec" : 1.0451662981707632,
    "sentKBytesPerSec" : 0.1453381669631907
  },
  "Post Pago" : {
    "transaction" : "Post Pago",
    "sampleCount" : 120,
    "errorCount" : 0,
    "errorPct" : 0.0,
    "meanResTime" : 89.41666666666669,
    "medianResTime" : 80.0,
    "minResTime" : 50.0,
    "maxResTime" : 196.0,
    "pct1ResTime" : 141.0,
    "pct2ResTime" : 174.74999999999972,
    "pct3ResTime" : 195.15999999999997,
    "throughput" : 0.6838152331240098,
    "receivedKBytesPerSec" : 0.44074028697445955,
    "sentKBytesPerSec" : 0.29516243461016833
  },
  "Total" : {
    "transaction" : "Total",
    "sampleCount" : 600,
    "errorCount" : 0,
    "errorPct" : 0.0,
    "meanResTime" : 62.466666666666676,
    "medianResTime" : 64.0,
    "minResTime" : 9.0,
    "maxResTime" : 235.0,
    "pct1ResTime" : 119.0,
    "pct2ResTime" : 141.0,
    "pct3ResTime" : 204.97000000000003,
    "throughput" : 3.2223242624905346,
    "receivedKBytesPerSec" : 3.708819702901703,
    "sentKBytesPerSec" : 2.2824901752675872
  },
  "Post tarjeta" : {
    "transaction" : "Post tarjeta",
    "sampleCount" : 120,
    "errorCount" : 0,
    "errorPct" : 0.0,
    "meanResTime" : 102.98333333333329,
    "medianResTime" : 92.0,
    "minResTime" : 63.0,
    "maxResTime" : 235.0,
    "pct1ResTime" : 142.9,
    "pct2ResTime" : 171.34999999999985,
    "pct3ResTime" : 231.63999999999987,
    "throughput" : 0.6891363398820428,
    "receivedKBytesPerSec" : 1.2396378301393778,
    "sentKBytesPerSec" : 0.9991411369170338
  },
  "Post tarjeta-1" : {
    "transaction" : "Post tarjeta-1",
    "sampleCount" : 120,
    "errorCount" : 0,
    "errorPct" : 0.0,
    "meanResTime" : 17.72499999999999,
    "medianResTime" : 15.0,
    "minResTime" : 10.0,
    "maxResTime" : 65.0,
    "pct1ResTime" : 26.900000000000006,
    "pct2ResTime" : 35.89999999999998,
    "pct3ResTime" : 63.529999999999944,
    "throughput" : 0.6894214030874589,
    "receivedKBytesPerSec" : 0.924390221131915,
    "sentKBytesPerSec" : 0.20265218977473157
  },
  "Post tarjeta-0" : {
    "transaction" : "Post tarjeta-0",
    "sampleCount" : 120,
    "errorCount" : 0,
    "errorPct" : 0.0,
    "meanResTime" : 84.975,
    "medianResTime" : 76.5,
    "minResTime" : 50.0,
    "maxResTime" : 214.0,
    "pct1ResTime" : 115.60000000000002,
    "pct2ResTime" : 130.95,
    "pct3ResTime" : 211.4799999999999,
    "throughput" : 0.6891877921869077,
    "receivedKBytesPerSec" : 0.3156533931012302,
    "sentKBytesPerSec" : 0.7966322138578436
  }
}