{
  "Get Tarjeta From" : {
    "transaction" : "Get Tarjeta From",
    "sampleCount" : 150,
    "errorCount" : 0,
    "errorPct" : 0.0,
    "meanResTime" : 13.06666666666667,
    "medianResTime" : 13.0,
    "minResTime" : 6.0,
    "maxResTime" : 28.0,
    "pct1ResTime" : 18.0,
    "pct2ResTime" : 19.44999999999999,
    "pct3ResTime" : 25.960000000000036,
    "throughput" : 0.8860587516022895,
    "receivedKBytesPerSec" : 1.3377410448995506,
    "sentKBytesPerSec" : 0.186383842866341
  },
  "Post Pago" : {
    "transaction" : "Post Pago",
    "sampleCount" : 150,
    "errorCount" : 0,
    "errorPct" : 0.0,
    "meanResTime" : 95.94,
    "medianResTime" : 87.0,
    "minResTime" : 51.0,
    "maxResTime" : 318.0,
    "pct1ResTime" : 137.40000000000003,
    "pct2ResTime" : 180.34999999999997,
    "pct3ResTime" : 292.50000000000045,
    "throughput" : 0.8814093147336381,
    "receivedKBytesPerSec" : 0.5689565986708348,
    "sentKBytesPerSec" : 0.383034321344208
  },
  "Total" : {
    "transaction" : "Total",
    "sampleCount" : 750,
    "errorCount" : 0,
    "errorPct" : 0.0,
    "meanResTime" : 66.47066666666679,
    "medianResTime" : 74.0,
    "minResTime" : 5.0,
    "maxResTime" : 318.0,
    "pct1ResTime" : 125.0,
    "pct2ResTime" : 154.44999999999993,
    "pct3ResTime" : 234.0,
    "throughput" : 4.123802035508684,
    "receivedKBytesPerSec" : 4.7351234700694445,
    "sentKBytesPerSec" : 2.9164193817321067
  },
  "Post tarjeta" : {
    "transaction" : "Post tarjeta",
    "sampleCount" : 150,
    "errorCount" : 0,
    "errorPct" : 0.0,
    "meanResTime" : 111.8666666666667,
    "medianResTime" : 103.0,
    "minResTime" : 64.0,
    "maxResTime" : 276.0,
    "pct1ResTime" : 160.70000000000002,
    "pct2ResTime" : 186.79999999999995,
    "pct3ResTime" : 270.9000000000001,
    "throughput" : 0.8871015435566858,
    "receivedKBytesPerSec" : 1.5905453456739014,
    "sentKBytesPerSec" : 1.2823757410994145
  },
  "Post tarjeta-1" : {
    "transaction" : "Post tarjeta-1",
    "sampleCount" : 150,
    "errorCount" : 0,
    "errorPct" : 0.0,
    "meanResTime" : 13.553333333333338,
    "medianResTime" : 10.0,
    "minResTime" : 5.0,
    "maxResTime" : 139.0,
    "pct1ResTime" : 17.0,
    "pct2ResTime" : 27.0,
    "pct3ResTime" : 132.8800000000001,
    "throughput" : 0.8878471482349599,
    "receivedKBytesPerSec" : 1.187842376056538,
    "sentKBytesPerSec" : 0.2609785074401591
  },
  "Post tarjeta-0" : {
    "transaction" : "Post tarjeta-0",
    "sampleCount" : 150,
    "errorCount" : 0,
    "errorPct" : 0.0,
    "meanResTime" : 97.92666666666663,
    "medianResTime" : 93.5,
    "minResTime" : 55.0,
    "maxResTime" : 234.0,
    "pct1ResTime" : 134.0,
    "pct2ResTime" : 160.45,
    "pct3ResTime" : 203.40000000000055,
    "throughput" : 0.8872012349841191,
    "receivedKBytesPerSec" : 0.4037458745142573,
    "sentKBytesPerSec" : 1.0217312087081758
  }
}