{
  "Get Tarjeta From" : {
    "transaction" : "Get Tarjeta From",
    "sampleCount" : 120,
    "errorCount" : 0,
    "errorPct" : 0.0,
    "meanResTime" : 17.600000000000012,
    "medianResTime" : 14.0,
    "minResTime" : 8.0,
    "maxResTime" : 194.0,
    "pct1ResTime" : 24.80000000000001,
    "pct2ResTime" : 29.0,
    "pct3ResTime" : 163.96999999999886,
    "throughput" : 0.7021157086687886,
    "receivedKBytesPerSec" : 1.0600301617206516,
    "sentKBytesPerSec" : 0.14769113637427447
  },
  "Post Pago" : {
    "transaction" : "Post Pago",
    "sampleCount" : 120,
    "errorCount" : 0,
    "errorPct" : 0.0,
    "meanResTime" : 112.69166666666669,
    "medianResTime" : 82.0,
    "minResTime" : 47.0,
    "maxResTime" : 762.0,
    "pct1ResTime" : 191.6000000000002,
    "pct2ResTime" : 346.7499999999997,
    "pct3ResTime" : 716.6399999999983,
    "throughput" : 0.7027859606791255,
    "receivedKBytesPerSec" : 0.4536538281336933,
    "sentKBytesPerSec" : 0.3054099145529403
  },
  "Total" : {
    "transaction" : "Total",
    "sampleCount" : 600,
    "errorCount" : 0,
    "errorPct" : 0.0,
    "meanResTime" : 82.63333333333344,
    "medianResTime" : 79.0,
    "minResTime" : 8.0,
    "maxResTime" : 764.0,
    "pct1ResTime" : 162.89999999999998,
    "pct2ResTime" : 242.39999999999918,
    "pct3ResTime" : 500.38000000000056,
    "throughput" : 3.2785452002098268,
    "receivedKBytesPerSec" : 3.764563912506557,
    "sentKBytesPerSec" : 2.3227617610978752
  },
  "Post tarjeta" : {
    "transaction" : "Post tarjeta",
    "sampleCount" : 120,
    "errorCount" : 0,
    "errorPct" : 0.0,
    "meanResTime" : 141.65833333333336,
    "medianResTime" : 101.0,
    "minResTime" : 58.0,
    "maxResTime" : 764.0,
    "pct1ResTime" : 222.8,
    "pct2ResTime" : 391.9999999999998,
    "pct3ResTime" : 714.4399999999981,
    "throughput" : 0.7032678512822916,
    "receivedKBytesPerSec" : 1.2609372802287964,
    "sentKBytesPerSec" : 1.0188398406365746
  },
  "Post tarjeta-1" : {
    "transaction" : "Post tarjeta-1",
    "sampleCount" : 120,
    "errorCount" : 0,
    "errorPct" : 0.0,
    "meanResTime" : 35.483333333333334,
    "medianResTime" : 16.0,
    "minResTime" : 8.0,
    "maxResTime" : 263.0,
    "pct1ResTime" : 93.9,
    "pct2ResTime" : 155.99999999999955,
    "pct3ResTime" : 259.42999999999984,
    "throughput" : 0.7036018551635581,
    "receivedKBytesPerSec" : 0.9413423257559324,
    "sentKBytesPerSec" : 0.20682046719163186
  },
  "Post tarjeta-0" : {
    "transaction" : "Post tarjeta-0",
    "sampleCount" : 120,
    "errorCount" : 0,
    "errorPct" : 0.0,
    "meanResTime" : 105.73333333333332,
    "medianResTime" : 84.5,
    "minResTime" : 45.0,
    "maxResTime" : 501.0,
    "pct1ResTime" : 186.70000000000002,
    "pct2ResTime" : 250.79999999999995,
    "pct3ResTime" : 465.29999999999865,
    "throughput" : 0.7033502918903712,
    "receivedKBytesPerSec" : 0.3200793320516728,
    "sentKBytesPerSec" : 0.8122127528397768
  }
}