{
  "Get Tarjeta From" : {
    "transaction" : "Get Tarjeta From",
    "sampleCount" : 10,
    "errorCount" : 0,
    "errorPct" : 0.0,
    "meanResTime" : 34.300000000000004,
    "medianResTime" : 12.0,
    "minResTime" : 7.0,
    "maxResTime" : 153.0,
    "pct1ResTime" : 147.70000000000002,
    "pct2ResTime" : 153.0,
    "pct3ResTime" : 153.0,
    "throughput" : 0.06195671703747761,
    "receivedKBytesPerSec" : 0.09354012162103555,
    "sentKBytesPerSec" : 0.01303269223620379
  },
  "Post Pago" : {
    "transaction" : "Post Pago",
    "sampleCount" : 10,
    "errorCount" : 0,
    "errorPct" : 0.0,
    "meanResTime" : 99.5,
    "medianResTime" : 95.5,
    "minResTime" : 66.0,
    "maxResTime" : 158.0,
    "pct1ResTime" : 155.0,
    "pct2ResTime" : 158.0,
    "pct3ResTime" : 158.0,
    "throughput" : 0.061250490003920036,
    "receivedKBytesPerSec" : 0.039537669816983534,
    "sentKBytesPerSec" : 0.026617644581781653
  },
  "Total" : {
    "transaction" : "Total",
    "sampleCount" : 50,
    "errorCount" : 0,
    "errorPct" : 0.0,
    "meanResTime" : 86.71999999999998,
    "medianResTime" : 90.5,
    "minResTime" : 7.0,
    "maxResTime" : 414.0,
    "pct1ResTime" : 157.5,
    "pct2ResTime" : 289.54999999999916,
    "pct3ResTime" : 414.0,
    "throughput" : 0.28746205500873884,
    "receivedKBytesPerSec" : 0.3300760588664796,
    "sentKBytesPerSec" : 0.20327834303996872
  },
  "Post tarjeta" : {
    "transaction" : "Post tarjeta",
    "sampleCount" : 10,
    "errorCount" : 0,
    "errorPct" : 0.0,
    "meanResTime" : 150.3,
    "medianResTime" : 111.5,
    "minResTime" : 95.0,
    "maxResTime" : 414.0,
    "pct1ResTime" : 392.6000000000001,
    "pct2ResTime" : 414.0,
    "pct3ResTime" : 414.0,
    "throughput" : 0.06191183754333828,
    "receivedKBytesPerSec" : 0.11100598997028231,
    "sentKBytesPerSec" : 0.0894879987772412
  },
  "Post tarjeta-1" : {
    "transaction" : "Post tarjeta-1",
    "sampleCount" : 10,
    "errorCount" : 0,
    "errorPct" : 0.0,
    "meanResTime" : 12.6,
    "medianResTime" : 11.5,
    "minResTime" : 7.0,
    "maxResTime" : 27.0,
    "pct1ResTime" : 25.900000000000006,
    "pct2ResTime" : 27.0,
    "pct3ResTime" : 27.0,
    "throughput" : 0.06206592642705082,
    "receivedKBytesPerSec" : 0.08303742109869103,
    "sentKBytesPerSec" : 0.01824398813920146
  },
  "Post tarjeta-0" : {
    "transaction" : "Post tarjeta-0",
    "sampleCount" : 10,
    "errorCount" : 0,
    "errorPct" : 0.0,
    "meanResTime" : 136.89999999999998,
    "medianResTime" : 100.5,
    "minResTime" : 85.0,
    "maxResTime" : 399.0,
    "pct1ResTime" : 377.4000000000001,
    "pct2ResTime" : 399.0,
    "pct3ResTime" : 399.0,
    "throughput" : 0.061914904155728374,
    "receivedKBytesPerSec" : 0.02817611849274357,
    "sentKBytesPerSec" : 0.07129283543947199
  }
}