{
  "Get Tarjeta From" : {
    "transaction" : "Get Tarjeta From",
    "sampleCount" : 70,
    "errorCount" : 0,
    "errorPct" : 0.0,
    "meanResTime" : 115.55714285714285,
    "medianResTime" : 14.0,
    "minResTime" : 8.0,
    "maxResTime" : 3217.0,
    "pct1ResTime" : 64.49999999999997,
    "pct2ResTime" : 892.600000000002,
    "pct3ResTime" : 3217.0,
    "throughput" : 0.40993446904701947,
    "receivedKBytesPerSec" : 0.6189049698698166,
    "sentKBytesPerSec" : 0.08623035608664845
  },
  "Post Pago" : {
    "transaction" : "Post Pago",
    "sampleCount" : 70,
    "errorCount" : 0,
    "errorPct" : 0.0,
    "meanResTime" : 168.8428571428572,
    "medianResTime" : 80.0,
    "minResTime" : 58.0,
    "maxResTime" : 3234.0,
    "pct1ResTime" : 132.79999999999998,
    "pct2ResTime" : 172.05000000000013,
    "pct3ResTime" : 3234.0,
    "throughput" : 0.40699094154447246,
    "receivedKBytesPerSec" : 0.2627158323836878,
    "sentKBytesPerSec" : 0.17686618065165063
  },
  "Total" : {
    "transaction" : "Total",
    "sampleCount" : 350,
    "errorCount" : 0,
    "errorPct" : 0.0,
    "meanResTime" : 101.47714285714278,
    "medianResTime" : 78.0,
    "minResTime" : 8.0,
    "maxResTime" : 3234.0,
    "pct1ResTime" : 113.90000000000003,
    "pct2ResTime" : 165.34999999999997,
    "pct3ResTime" : 2264.290000000008,
    "throughput" : 1.914828431372549,
    "receivedKBytesPerSec" : 2.1986867867264093,
    "sentKBytesPerSec" : 1.357102594455751
  },
  "Post tarjeta" : {
    "transaction" : "Post tarjeta",
    "sampleCount" : 70,
    "errorCount" : 0,
    "errorPct" : 0.0,
    "meanResTime" : 111.70000000000002,
    "medianResTime" : 101.5,
    "minResTime" : 71.0,
    "maxResTime" : 250.0,
    "pct1ResTime" : 172.6,
    "pct2ResTime" : 186.05,
    "pct3ResTime" : 250.0,
    "throughput" : 0.40817278537108737,
    "receivedKBytesPerSec" : 0.7318410487708168,
    "sentKBytesPerSec" : 0.5915942919222605
  },
  "Post tarjeta-1" : {
    "transaction" : "Post tarjeta-1",
    "sampleCount" : 70,
    "errorCount" : 0,
    "errorPct" : 0.0,
    "meanResTime" : 22.514285714285712,
    "medianResTime" : 15.5,
    "minResTime" : 8.0,
    "maxResTime" : 96.0,
    "pct1ResTime" : 39.699999999999996,
    "pct2ResTime" : 89.60000000000002,
    "pct3ResTime" : 96.0,
    "throughput" : 0.4083585154417856,
    "receivedKBytesPerSec" : 0.5463390294484827,
    "sentKBytesPerSec" : 0.12003507143357173
  },
  "Post tarjeta-0" : {
    "transaction" : "Post tarjeta-0",
    "sampleCount" : 70,
    "errorCount" : 0,
    "errorPct" : 0.0,
    "meanResTime" : 88.7714285714286,
    "medianResTime" : 84.0,
    "minResTime" : 58.0,
    "maxResTime" : 236.0,
    "pct1ResTime" : 120.19999999999999,
    "pct2ResTime" : 135.60000000000002,
    "pct3ResTime" : 236.0,
    "throughput" : 0.4082013482307387,
    "receivedKBytesPerSec" : 0.18576350417531665,
    "sentKBytesPerSec" : 0.4716468172686664
  }
}