{
  "Get Tarjeta From" : {
    "transaction" : "Get Tarjeta From",
    "sampleCount" : 100,
    "errorCount" : 0,
    "errorPct" : 0.0,
    "meanResTime" : 19.860000000000003,
    "medianResTime" : 16.0,
    "minResTime" : 8.0,
    "maxResTime" : 77.0,
    "pct1ResTime" : 36.80000000000001,
    "pct2ResTime" : 60.449999999999875,
    "pct3ResTime" : 76.91999999999996,
    "throughput" : 0.5724131219984087,
    "receivedKBytesPerSec" : 0.8658866464604834,
    "sentKBytesPerSec" : 0.12040799460786838
  },
  "Post Pago" : {
    "transaction" : "Post Pago",
    "sampleCount" : 100,
    "errorCount" : 0,
    "errorPct" : 0.0,
    "meanResTime" : 90.86999999999999,
    "medianResTime" : 83.5,
    "minResTime" : 48.0,
    "maxResTime" : 310.0,
    "pct1ResTime" : 129.0,
    "pct2ResTime" : 163.4999999999999,
    "pct3ResTime" : 309.0399999999995,
    "throughput" : 0.5657644609396216,
    "receivedKBytesPerSec" : 0.36465287521499046,
    "sentKBytesPerSec" : 0.24420692552276635
  },
  "Total" : {
    "transaction" : "Total",
    "sampleCount" : 500,
    "errorCount" : 0,
    "errorPct" : 0.0,
    "meanResTime" : 67.84999999999995,
    "medianResTime" : 66.5,
    "minResTime" : 8.0,
    "maxResTime" : 310.0,
    "pct1ResTime" : 129.0,
    "pct2ResTime" : 154.0,
    "pct3ResTime" : 252.87000000000012,
    "throughput" : 2.663385375883578,
    "receivedKBytesPerSec" : 3.065494144547251,
    "sentKBytesPerSec" : 1.8861970385818005
  },
  "Post tarjeta" : {
    "transaction" : "Post tarjeta",
    "sampleCount" : 100,
    "errorCount" : 0,
    "errorPct" : 0.0,
    "meanResTime" : 114.43999999999997,
    "medianResTime" : 105.5,
    "minResTime" : 65.0,
    "maxResTime" : 298.0,
    "pct1ResTime" : 162.8,
    "pct2ResTime" : 238.1999999999996,
    "pct3ResTime" : 297.6499999999998,
    "throughput" : 0.569777843618773,
    "receivedKBytesPerSec" : 1.0249324101033006,
    "sentKBytesPerSec" : 0.8258885329360083
  },
  "Post tarjeta-1" : {
    "transaction" : "Post tarjeta-1",
    "sampleCount" : 100,
    "errorCount" : 0,
    "errorPct" : 0.0,
    "meanResTime" : 20.82,
    "medianResTime" : 17.0,
    "minResTime" : 9.0,
    "maxResTime" : 96.0,
    "pct1ResTime" : 34.0,
    "pct2ResTime" : 44.94999999999999,
    "pct3ResTime" : 95.65999999999983,
    "throughput" : 0.570027931368637,
    "receivedKBytesPerSec" : 0.7643050290714245,
    "sentKBytesPerSec" : 0.16755703841988256
  },
  "Post tarjeta-0" : {
    "transaction" : "Post tarjeta-0",
    "sampleCount" : 100,
    "errorCount" : 0,
    "errorPct" : 0.0,
    "meanResTime" : 93.26,
    "medianResTime" : 86.0,
    "minResTime" : 53.0,
    "maxResTime" : 236.0,
    "pct1ResTime" : 136.8,
    "pct2ResTime" : 165.79999999999995,
    "pct3ResTime" : 235.8199999999999,
    "throughput" : 0.569829791841177,
    "receivedKBytesPerSec" : 0.2609864964585078,
    "sentKBytesPerSec" : 0.6584650352439726
  }
}