{
  "Get Tarjeta From" : {
    "transaction" : "Get Tarjeta From",
    "sampleCount" : 10,
    "errorCount" : 0,
    "errorPct" : 0.0,
    "meanResTime" : 21.8,
    "medianResTime" : 17.0,
    "minResTime" : 12.0,
    "maxResTime" : 66.0,
    "pct1ResTime" : 61.80000000000001,
    "pct2ResTime" : 66.0,
    "pct3ResTime" : 66.0,
    "throughput" : 0.06210138672396555,
    "receivedKBytesPerSec" : 0.09394047659709243,
    "sentKBytesPerSec" : 0.01306312373080291
  },
  "Post Pago" : {
    "transaction" : "Post Pago",
    "sampleCount" : 10,
    "errorCount" : 0,
    "errorPct" : 0.0,
    "meanResTime" : 91.7,
    "medianResTime" : 85.5,
    "minResTime" : 64.0,
    "maxResTime" : 161.0,
    "pct1ResTime" : 157.10000000000002,
    "pct2ResTime" : 161.0,
    "pct3ResTime" : 161.0,
    "throughput" : 0.06174402163510517,
    "receivedKBytesPerSec" : 0.03985624834062942,
    "sentKBytesPerSec" : 0.02665122808859032
  },
  "Total" : {
    "transaction" : "Total",
    "sampleCount" : 50,
    "errorCount" : 0,
    "errorPct" : 0.0,
    "meanResTime" : 67.8,
    "medianResTime" : 66.0,
    "minResTime" : 11.0,
    "maxResTime" : 171.0,
    "pct1ResTime" : 129.7,
    "pct2ResTime" : 152.74999999999994,
    "pct3ResTime" : 171.0,
    "throughput" : 0.28667752218884024,
    "receivedKBytesPerSec" : 0.3300151007384813,
    "sentKBytesPerSec" : 0.20423533787812764
  },
  "Post tarjeta" : {
    "transaction" : "Post tarjeta",
    "sampleCount" : 10,
    "errorCount" : 0,
    "errorPct" : 0.0,
    "meanResTime" : 113.19999999999999,
    "medianResTime" : 116.5,
    "minResTime" : 74.0,
    "maxResTime" : 171.0,
    "pct1ResTime" : 168.5,
    "pct2ResTime" : 171.0,
    "pct3ResTime" : 171.0,
    "throughput" : 0.06206438559361481,
    "receivedKBytesPerSec" : 0.11164316236663915,
    "sentKBytesPerSec" : 0.09061763955177102
  },
  "Post tarjeta-1" : {
    "transaction" : "Post tarjeta-1",
    "sampleCount" : 10,
    "errorCount" : 0,
    "errorPct" : 0.0,
    "meanResTime" : 17.6,
    "medianResTime" : 16.0,
    "minResTime" : 11.0,
    "maxResTime" : 43.0,
    "pct1ResTime" : 40.70000000000001,
    "pct2ResTime" : 43.0,
    "pct3ResTime" : 43.0,
    "throughput" : 0.06211373024006957,
    "receivedKBytesPerSec" : 0.08328335119103078,
    "sentKBytesPerSec" : 0.01825803984595795
  },
  "Post tarjeta-0" : {
    "transaction" : "Post tarjeta-0",
    "sampleCount" : 10,
    "errorCount" : 0,
    "errorPct" : 0.0,
    "meanResTime" : 94.69999999999999,
    "medianResTime" : 104.5,
    "minResTime" : 61.0,
    "maxResTime" : 127.0,
    "pct1ResTime" : 126.9,
    "pct2ResTime" : 127.0,
    "pct3ResTime" : 127.0,
    "throughput" : 0.06207131994661866,
    "receivedKBytesPerSec" : 0.028429149467738432,
    "sentKBytesPerSec" : 0.07238219057447007
  }
}