{
  "Get Tarjeta From" : {
    "transaction" : "Get Tarjeta From",
    "sampleCount" : 50,
    "errorCount" : 0,
    "errorPct" : 0.0,
    "meanResTime" : 16.379999999999995,
    "medianResTime" : 14.0,
    "minResTime" : 9.0,
    "maxResTime" : 83.0,
    "pct1ResTime" : 16.9,
    "pct2ResTime" : 47.549999999999834,
    "pct3ResTime" : 83.0,
    "throughput" : 0.29572499940854996,
    "receivedKBytesPerSec" : 0.44647543856017413,
    "sentKBytesPerSec" : 0.06220621569590007
  },
  "Post Pago" : {
    "transaction" : "Post Pago",
    "sampleCount" : 50,
    "errorCount" : 0,
    "errorPct" : 0.0,
    "meanResTime" : 79.94,
    "medianResTime" : 81.0,
    "minResTime" : 56.0,
    "maxResTime" : 154.0,
    "pct1ResTime" : 85.9,
    "pct2ResTime" : 110.35,
    "pct3ResTime" : 154.0,
    "throughput" : 0.2928360586609193,
    "receivedKBytesPerSec" : 0.1887362714795249,
    "sentKBytesPerSec" : 0.12725785752354402
  },
  "Total" : {
    "transaction" : "Total",
    "sampleCount" : 250,
    "errorCount" : 0,
    "errorPct" : 0.0,
    "meanResTime" : 61.81599999999999,
    "medianResTime" : 74.0,
    "minResTime" : 7.0,
    "maxResTime" : 271.0,
    "pct1ResTime" : 104.0,
    "pct2ResTime" : 114.69999999999993,
    "pct3ResTime" : 234.15000000000032,
    "throughput" : 1.3762806291254013,
    "receivedKBytesPerSec" : 1.5800292992942433,
    "sentKBytesPerSec" : 0.9748475253098008
  },
  "Post tarjeta" : {
    "transaction" : "Post tarjeta",
    "sampleCount" : 50,
    "errorCount" : 0,
    "errorPct" : 0.0,
    "meanResTime" : 106.66,
    "medianResTime" : 101.0,
    "minResTime" : 60.0,
    "maxResTime" : 271.0,
    "pct1ResTime" : 127.19999999999999,
    "pct2ResTime" : 207.64999999999992,
    "pct3ResTime" : 271.0,
    "throughput" : 0.2939257308463297,
    "receivedKBytesPerSec" : 0.5269996502283804,
    "sentKBytesPerSec" : 0.4257043470880778
  },
  "Post tarjeta-1" : {
    "transaction" : "Post tarjeta-1",
    "sampleCount" : 50,
    "errorCount" : 0,
    "errorPct" : 0.0,
    "meanResTime" : 14.739999999999998,
    "medianResTime" : 14.0,
    "minResTime" : 7.0,
    "maxResTime" : 27.0,
    "pct1ResTime" : 20.0,
    "pct2ResTime" : 23.24999999999998,
    "pct3ResTime" : 27.0,
    "throughput" : 0.2943669932177845,
    "receivedKBytesPerSec" : 0.3938308405355124,
    "sentKBytesPerSec" : 0.08652779781108703
  },
  "Post tarjeta-0" : {
    "transaction" : "Post tarjeta-0",
    "sampleCount" : 50,
    "errorCount" : 0,
    "errorPct" : 0.0,
    "meanResTime" : 91.36,
    "medianResTime" : 85.0,
    "minResTime" : 51.0,
    "maxResTime" : 252.0,
    "pct1ResTime" : 110.69999999999999,
    "pct2ResTime" : 193.39999999999995,
    "pct3ResTime" : 252.0,
    "throughput" : 0.29395165083247105,
    "receivedKBytesPerSec" : 0.13377096610149564,
    "sentKBytesPerSec" : 0.3393361781729141
  }
}