{
  "Get Tarjeta From" : {
    "transaction" : "Get Tarjeta From",
    "sampleCount" : 100,
    "errorCount" : 0,
    "errorPct" : 0.0,
    "meanResTime" : 13.35,
    "medianResTime" : 13.0,
    "minResTime" : 6.0,
    "maxResTime" : 30.0,
    "pct1ResTime" : 17.900000000000006,
    "pct2ResTime" : 19.0,
    "pct3ResTime" : 29.95999999999998,
    "throughput" : 0.5806290535165799,
    "receivedKBytesPerSec" : 0.8766137858756177,
    "sentKBytesPerSec" : 0.12213622864010869
  },
  "Post Pago" : {
    "transaction" : "Post Pago",
    "sampleCount" : 100,
    "errorCount" : 0,
    "errorPct" : 0.0,
    "meanResTime" : 90.65000000000002,
    "medianResTime" : 88.0,
    "minResTime" : 45.0,
    "maxResTime" : 163.0,
    "pct1ResTime" : 124.80000000000001,
    "pct2ResTime" : 135.89999999999998,
    "pct3ResTime" : 162.96999999999997,
    "throughput" : 0.5834169564304218,
    "receivedKBytesPerSec" : 0.37660020332080935,
    "sentKBytesPerSec" : 0.2535356890737672
  },
  "Total" : {
    "transaction" : "Total",
    "sampleCount" : 500,
    "errorCount" : 0,
    "errorPct" : 0.0,
    "meanResTime" : 63.36600000000001,
    "medianResTime" : 72.5,
    "minResTime" : 5.0,
    "maxResTime" : 243.0,
    "pct1ResTime" : 120.0,
    "pct2ResTime" : 134.0,
    "pct3ResTime" : 206.73000000000025,
    "throughput" : 2.7230594117102447,
    "receivedKBytesPerSec" : 3.1267316955946347,
    "sentKBytesPerSec" : 1.928266445917317
  },
  "Post tarjeta" : {
    "transaction" : "Post tarjeta",
    "sampleCount" : 100,
    "errorCount" : 0,
    "errorPct" : 0.0,
    "meanResTime" : 106.58,
    "medianResTime" : 102.5,
    "minResTime" : 65.0,
    "maxResTime" : 243.0,
    "pct1ResTime" : 139.9,
    "pct2ResTime" : 160.29999999999984,
    "pct3ResTime" : 242.92999999999995,
    "throughput" : 0.5813480298115269,
    "receivedKBytesPerSec" : 1.0423388503261362,
    "sentKBytesPerSec" : 0.8417056533189159
  },
  "Post tarjeta-1" : {
    "transaction" : "Post tarjeta-1",
    "sampleCount" : 100,
    "errorCount" : 0,
    "errorPct" : 0.0,
    "meanResTime" : 10.999999999999996,
    "medianResTime" : 9.0,
    "minResTime" : 5.0,
    "maxResTime" : 34.0,
    "pct1ResTime" : 17.0,
    "pct2ResTime" : 21.0,
    "pct3ResTime" : 33.989999999999995,
    "throughput" : 0.5817504872160331,
    "receivedKBytesPerSec" : 0.778318522935513,
    "sentKBytesPerSec" : 0.17100282876174408
  },
  "Post tarjeta-0" : {
    "transaction" : "Post tarjeta-0",
    "sampleCount" : 100,
    "errorCount" : 0,
    "errorPct" : 0.0,
    "meanResTime" : 95.25000000000001,
    "medianResTime" : 93.0,
    "minResTime" : 55.0,
    "maxResTime" : 213.0,
    "pct1ResTime" : 123.9,
    "pct2ResTime" : 153.74999999999972,
    "pct3ResTime" : 212.95999999999998,
    "throughput" : 0.5813784483009214,
    "receivedKBytesPerSec" : 0.2645726141681928,
    "sentKBytesPerSec" : 0.6708562251097352
  }
}