{
  "Get Tarjeta From" : {
    "transaction" : "Get Tarjeta From",
    "sampleCount" : 30,
    "errorCount" : 0,
    "errorPct" : 0.0,
    "meanResTime" : 20.400000000000002,
    "medianResTime" : 18.0,
    "minResTime" : 9.0,
    "maxResTime" : 70.0,
    "pct1ResTime" : 28.60000000000001,
    "pct2ResTime" : 61.749999999999986,
    "pct3ResTime" : 70.0,
    "throughput" : 0.17784944451690163,
    "receivedKBytesPerSec" : 0.2690320210514459,
    "sentKBytesPerSec" : 0.03741090854388732
  },
  "Post Pago" : {
    "transaction" : "Post Pago",
    "sampleCount" : 30,
    "errorCount" : 0,
    "errorPct" : 0.0,
    "meanResTime" : 81.96666666666665,
    "medianResTime" : 77.0,
    "minResTime" : 54.0,
    "maxResTime" : 157.0,
    "pct1ResTime" : 121.10000000000002,
    "pct2ResTime" : 140.49999999999997,
    "pct3ResTime" : 157.0,
    "throughput" : 0.17800773740298578,
    "receivedKBytesPerSec" : 0.11473154949801817,
    "sentKBytesPerSec" : 0.07683537102746066
  },
  "Total" : {
    "transaction" : "Total",
    "sampleCount" : 150,
    "errorCount" : 0,
    "errorPct" : 0.0,
    "meanResTime" : 74.70666666666666,
    "medianResTime" : 66.5,
    "minResTime" : 9.0,
    "maxResTime" : 350.0,
    "pct1ResTime" : 158.8,
    "pct2ResTime" : 187.14999999999992,
    "pct3ResTime" : 329.0900000000004,
    "throughput" : 0.8336946009937639,
    "receivedKBytesPerSec" : 0.9595629460266115,
    "sentKBytesPerSec" : 0.5886665471704405
  },
  "Post tarjeta" : {
    "transaction" : "Post tarjeta",
    "sampleCount" : 30,
    "errorCount" : 0,
    "errorPct" : 0.0,
    "meanResTime" : 135.83333333333334,
    "medianResTime" : 121.0,
    "minResTime" : 65.0,
    "maxResTime" : 350.0,
    "pct1ResTime" : 252.20000000000016,
    "pct2ResTime" : 327.45,
    "pct3ResTime" : 350.0,
    "throughput" : 0.17757153173203272,
    "receivedKBytesPerSec" : 0.3194206654789104,
    "sentKBytesPerSec" : 0.2564556037876008
  },
  "Post tarjeta-1" : {
    "transaction" : "Post tarjeta-1",
    "sampleCount" : 30,
    "errorCount" : 0,
    "errorPct" : 0.0,
    "meanResTime" : 23.566666666666666,
    "medianResTime" : 17.0,
    "minResTime" : 10.0,
    "maxResTime" : 89.0,
    "pct1ResTime" : 38.7,
    "pct2ResTime" : 80.19999999999999,
    "pct3ResTime" : 89.0,
    "throughput" : 0.17771564312329322,
    "receivedKBytesPerSec" : 0.23828474414871245,
    "sentKBytesPerSec" : 0.052238680254014895
  },
  "Post tarjeta-0" : {
    "transaction" : "Post tarjeta-0",
    "sampleCount" : 30,
    "errorCount" : 0,
    "errorPct" : 0.0,
    "meanResTime" : 111.76666666666667,
    "medianResTime" : 93.5,
    "minResTime" : 55.0,
    "maxResTime" : 260.0,
    "pct1ResTime" : 228.60000000000016,
    "pct2ResTime" : 246.79999999999998,
    "pct3ResTime" : 260.0,
    "throughput" : 0.17759150402244755,
    "receivedKBytesPerSec" : 0.08133829627590616,
    "sentKBytesPerSec" : 0.20428225838675879
  }
}