{
  "Get Tarjeta From" : {
    "transaction" : "Get Tarjeta From",
    "sampleCount" : 50,
    "errorCount" : 0,
    "errorPct" : 0.0,
    "meanResTime" : 17.66,
    "medianResTime" : 16.0,
    "minResTime" : 9.0,
    "maxResTime" : 37.0,
    "pct1ResTime" : 26.9,
    "pct2ResTime" : 32.599999999999966,
    "pct3ResTime" : 37.0,
    "throughput" : 0.29662676047982345,
    "receivedKBytesPerSec" : 0.44870591013988914,
    "sentKBytesPerSec" : 0.06239590254624411
  },
  "Post Pago" : {
    "transaction" : "Post Pago",
    "sampleCount" : 50,
    "errorCount" : 0,
    "errorPct" : 0.0,
    "meanResTime" : 96.85999999999999,
    "medianResTime" : 88.0,
    "minResTime" : 52.0,
    "maxResTime" : 306.0,
    "pct1ResTime" : 152.39999999999998,
    "pct2ResTime" : 203.64999999999958,
    "pct3ResTime" : 306.0,
    "throughput" : 0.2971750539372723,
    "receivedKBytesPerSec" : 0.19153860898300754,
    "sentKBytesPerSec" : 0.1282728260158929
  },
  "Total" : {
    "transaction" : "Total",
    "sampleCount" : 250,
    "errorCount" : 0,
    "errorPct" : 0.0,
    "meanResTime" : 72.46799999999998,
    "medianResTime" : 68.0,
    "minResTime" : 9.0,
    "maxResTime" : 306.0,
    "pct1ResTime" : 146.40000000000003,
    "pct2ResTime" : 192.89999999999975,
    "pct3ResTime" : 298.49,
    "throughput" : 1.3871164622981746,
    "receivedKBytesPerSec" : 1.5965385375631138,
    "sentKBytesPerSec" : 0.983530592853576
  },
  "Post tarjeta" : {
    "transaction" : "Post tarjeta",
    "sampleCount" : 50,
    "errorCount" : 0,
    "errorPct" : 0.0,
    "meanResTime" : 124.14000000000003,
    "medianResTime" : 105.0,
    "minResTime" : 69.0,
    "maxResTime" : 299.0,
    "pct1ResTime" : 251.29999999999995,
    "pct2ResTime" : 289.19999999999993,
    "pct3ResTime" : 299.0,
    "throughput" : 0.2960489309673103,
    "receivedKBytesPerSec" : 0.5325411434001812,
    "sentKBytesPerSec" : 0.4297508729742852
  },
  "Post tarjeta-1" : {
    "transaction" : "Post tarjeta-1",
    "sampleCount" : 50,
    "errorCount" : 0,
    "errorPct" : 0.0,
    "meanResTime" : 22.960000000000004,
    "medianResTime" : 15.5,
    "minResTime" : 10.0,
    "maxResTime" : 113.0,
    "pct1ResTime" : 49.09999999999999,
    "pct2ResTime" : 70.44999999999999,
    "pct3ResTime" : 113.0,
    "throughput" : 0.2962260797440607,
    "receivedKBytesPerSec" : 0.39718594481308134,
    "sentKBytesPerSec" : 0.08707426758101784
  },
  "Post tarjeta-0" : {
    "transaction" : "Post tarjeta-0",
    "sampleCount" : 50,
    "errorCount" : 0,
    "errorPct" : 0.0,
    "meanResTime" : 100.72,
    "medianResTime" : 86.5,
    "minResTime" : 58.0,
    "maxResTime" : 270.0,
    "pct1ResTime" : 173.2,
    "pct2ResTime" : 229.79999999999998,
    "pct3ResTime" : 270.0,
    "throughput" : 0.29607522679362375,
    "receivedKBytesPerSec" : 0.135604766959189,
    "sentKBytesPerSec" : 0.34275911948707927
  }
}