{
  "Get Tarjeta From" : {
    "transaction" : "Get Tarjeta From",
    "sampleCount" : 10,
    "errorCount" : 0,
    "errorPct" : 0.0,
    "meanResTime" : 66.4,
    "medianResTime" : 15.0,
    "minResTime" : 12.0,
    "maxResTime" : 447.0,
    "pct1ResTime" : 412.3000000000001,
    "pct2ResTime" : 447.0,
    "pct3ResTime" : 447.0,
    "throughput" : 0.06250117189697307,
    "receivedKBytesPerSec" : 0.09436212085226597,
    "sentKBytesPerSec" : 0.013147219166609372
  },
  "Post Pago" : {
    "transaction" : "Post Pago",
    "sampleCount" : 10,
    "errorCount" : 0,
    "errorPct" : 0.0,
    "meanResTime" : 95.1,
    "medianResTime" : 81.5,
    "minResTime" : 66.0,
    "maxResTime" : 239.0,
    "pct1ResTime" : 224.30000000000004,
    "pct2ResTime" : 239.0,
    "pct3ResTime" : 239.0,
    "throughput" : 0.06149153876426604,
    "receivedKBytesPerSec" : 0.039693268674980325,
    "sentKBytesPerSec" : 0.026722397216892957
  },
  "Total" : {
    "transaction" : "Total",
    "sampleCount" : 50,
    "errorCount" : 0,
    "errorPct" : 0.0,
    "meanResTime" : 73.36000000000001,
    "medianResTime" : 76.5,
    "minResTime" : 8.0,
    "maxResTime" : 447.0,
    "pct1ResTime" : 106.9,
    "pct2ResTime" : 204.34999999999974,
    "pct3ResTime" : 447.0,
    "throughput" : 0.28775819103690786,
    "receivedKBytesPerSec" : 0.33041609474726197,
    "sentKBytesPerSec" : 0.20382497179969727
  },
  "Post tarjeta" : {
    "transaction" : "Post tarjeta",
    "sampleCount" : 10,
    "errorCount" : 0,
    "errorPct" : 0.0,
    "meanResTime" : 103.0,
    "medianResTime" : 102.0,
    "minResTime" : 67.0,
    "maxResTime" : 176.0,
    "pct1ResTime" : 169.10000000000002,
    "pct2ResTime" : 176.0,
    "pct3ResTime" : 176.0,
    "throughput" : 0.06247813265357125,
    "receivedKBytesPerSec" : 0.11202133940620781,
    "sentKBytesPerSec" : 0.09048956888526515
  },
  "Post tarjeta-1" : {
    "transaction" : "Post tarjeta-1",
    "sampleCount" : 10,
    "errorCount" : 0,
    "errorPct" : 0.0,
    "meanResTime" : 14.1,
    "medianResTime" : 15.5,
    "minResTime" : 8.0,
    "maxResTime" : 19.0,
    "pct1ResTime" : 18.8,
    "pct2ResTime" : 19.0,
    "pct3ResTime" : 19.0,
    "throughput" : 0.06250703204110462,
    "receivedKBytesPerSec" : 0.08362757216436849,
    "sentKBytesPerSec" : 0.018373649066770012
  },
  "Post tarjeta-0" : {
    "transaction" : "Post tarjeta-0",
    "sampleCount" : 10,
    "errorCount" : 0,
    "errorPct" : 0.0,
    "meanResTime" : 88.2,
    "medianResTime" : 85.5,
    "minResTime" : 56.0,
    "maxResTime" : 163.0,
    "pct1ResTime" : 155.70000000000005,
    "pct2ResTime" : 163.0,
    "pct3ResTime" : 163.0,
    "throughput" : 0.06248437890527369,
    "receivedKBytesPerSec" : 0.0284352739940015,
    "sentKBytesPerSec" : 0.0721316252968008
  }
}