{
  "Get Tarjeta From" : {
    "transaction" : "Get Tarjeta From",
    "sampleCount" : 10,
    "errorCount" : 0,
    "errorPct" : 0.0,
    "meanResTime" : 23.4,
    "medianResTime" : 18.0,
    "minResTime" : 15.0,
    "maxResTime" : 72.0,
    "pct1ResTime" : 67.00000000000001,
    "pct2ResTime" : 72.0,
    "pct3ResTime" : 72.0,
    "throughput" : 0.06475383828376427,
    "receivedKBytesPerSec" : 0.09795282763823325,
    "sentKBytesPerSec" : 0.013621071060862132
  },
  "Post Pago" : {
    "transaction" : "Post Pago",
    "sampleCount" : 10,
    "errorCount" : 10,
    "errorPct" : 100.0,
    "meanResTime" : 87.1,
    "medianResTime" : 84.0,
    "minResTime" : 72.0,
    "maxResTime" : 130.0,
    "pct1ResTime" : 126.9,
    "pct2ResTime" : 130.0,
    "pct3ResTime" : 130.0,
    "throughput" : 0.0641720838600792,
    "receivedKBytesPerSec" : 0.030017996258767513,
    "sentKBytesPerSec" : 0.026590053888507423
  },
  "Total" : {
    "transaction" : "Total",
    "sampleCount" : 50,
    "errorCount" : 10,
    "errorPct" : 20.0,
    "meanResTime" : 66.09999999999997,
    "medianResTime" : 76.0,
    "minResTime" : 13.0,
    "maxResTime" : 160.0,
    "pct1ResTime" : 116.19999999999999,
    "pct2ResTime" : 136.74999999999994,
    "pct3ResTime" : 160.0,
    "throughput" : 0.298309776804625,
    "receivedKBytesPerSec" : 0.3328018447476598,
    "sentKBytesPerSec" : 0.2109318134698797
  },
  "Post tarjeta" : {
    "transaction" : "Post tarjeta",
    "sampleCount" : 10,
    "errorCount" : 0,
    "errorPct" : 0.0,
    "meanResTime" : 110.39999999999999,
    "medianResTime" : 108.0,
    "minResTime" : 85.0,
    "maxResTime" : 160.0,
    "pct1ResTime" : 155.8,
    "pct2ResTime" : 160.0,
    "pct3ResTime" : 160.0,
    "throughput" : 0.06453070048075371,
    "receivedKBytesPerSec" : 0.11607963895073081,
    "sentKBytesPerSec" : 0.09391611613912819
  },
  "Post tarjeta-1" : {
    "transaction" : "Post tarjeta-1",
    "sampleCount" : 10,
    "errorCount" : 0,
    "errorPct" : 0.0,
    "meanResTime" : 16.9,
    "medianResTime" : 18.0,
    "minResTime" : 13.0,
    "maxResTime" : 20.0,
    "pct1ResTime" : 20.0,
    "pct2ResTime" : 20.0,
    "pct3ResTime" : 20.0,
    "throughput" : 0.0645919725096565,
    "receivedKBytesPerSec" : 0.08660622876538904,
    "sentKBytesPerSec" : 0.018986507544342387
  },
  "Post tarjeta-0" : {
    "transaction" : "Post tarjeta-0",
    "sampleCount" : 10,
    "errorCount" : 0,
    "errorPct" : 0.0,
    "meanResTime" : 92.69999999999999,
    "medianResTime" : 92.0,
    "minResTime" : 65.0,
    "maxResTime" : 145.0,
    "pct1ResTime" : 140.40000000000003,
    "pct2ResTime" : 145.0,
    "pct3ResTime" : 145.0,
    "throughput" : 0.06453694740238787,
    "receivedKBytesPerSec" : 0.029558426105195226,
    "sentKBytesPerSec" : 0.07495487455630849
  }
}