{
  "Get Tarjeta From" : {
    "transaction" : "Get Tarjeta From",
    "sampleCount" : 70,
    "errorCount" : 0,
    "errorPct" : 0.0,
    "meanResTime" : 16.414285714285732,
    "medianResTime" : 15.0,
    "minResTime" : 9.0,
    "maxResTime" : 40.0,
    "pct1ResTime" : 23.9,
    "pct2ResTime" : 31.15000000000002,
    "pct3ResTime" : 40.0,
    "throughput" : 0.40500352931646977,
    "receivedKBytesPerSec" : 0.6126469403429802,
    "sentKBytesPerSec" : 0.08519312520973397
  },
  "Post Pago" : {
    "transaction" : "Post Pago",
    "sampleCount" : 70,
    "errorCount" : 0,
    "errorPct" : 0.0,
    "meanResTime" : 80.44285714285714,
    "medianResTime" : 76.5,
    "minResTime" : 48.0,
    "maxResTime" : 129.0,
    "pct1ResTime" : 118.0,
    "pct2ResTime" : 124.35000000000001,
    "pct3ResTime" : 129.0,
    "throughput" : 0.4072419249744019,
    "receivedKBytesPerSec" : 0.2624801469561575,
    "sentKBytesPerSec" : 0.17578215902215397
  },
  "Total" : {
    "transaction" : "Total",
    "sampleCount" : 350,
    "errorCount" : 0,
    "errorPct" : 0.0,
    "meanResTime" : 66.00571428571428,
    "medianResTime" : 63.5,
    "minResTime" : 9.0,
    "maxResTime" : 309.0,
    "pct1ResTime" : 127.80000000000007,
    "pct2ResTime" : 156.45,
    "pct3ResTime" : 264.43000000000006,
    "throughput" : 1.8953650202262524,
    "receivedKBytesPerSec" : 2.181520715662755,
    "sentKBytesPerSec" : 1.342324583967378
  },
  "Post tarjeta" : {
    "transaction" : "Post tarjeta",
    "sampleCount" : 70,
    "errorCount" : 0,
    "errorPct" : 0.0,
    "meanResTime" : 116.78571428571428,
    "medianResTime" : 101.0,
    "minResTime" : 63.0,
    "maxResTime" : 309.0,
    "pct1ResTime" : 170.7,
    "pct2ResTime" : 257.55000000000007,
    "pct3ResTime" : 309.0,
    "throughput" : 0.4061007942171247,
    "receivedKBytesPerSec" : 0.7305055302226012,
    "sentKBytesPerSec" : 0.5886591911487431
  },
  "Post tarjeta-1" : {
    "transaction" : "Post tarjeta-1",
    "sampleCount" : 70,
    "errorCount" : 0,
    "errorPct" : 0.0,
    "meanResTime" : 19.64285714285715,
    "medianResTime" : 15.0,
    "minResTime" : 10.0,
    "maxResTime" : 72.0,
    "pct1ResTime" : 41.39999999999999,
    "pct2ResTime" : 46.900000000000006,
    "pct3ResTime" : 72.0,
    "throughput" : 0.40634832178143104,
    "receivedKBytesPerSec" : 0.544840083794829,
    "sentKBytesPerSec" : 0.11944418442989331
  },
  "Post tarjeta-0" : {
    "transaction" : "Post tarjeta-0",
    "sampleCount" : 70,
    "errorCount" : 0,
    "errorPct" : 0.0,
    "meanResTime" : 96.7428571428572,
    "medianResTime" : 87.0,
    "minResTime" : 52.0,
    "maxResTime" : 261.0,
    "pct1ResTime" : 155.7,
    "pct2ResTime" : 199.70000000000002,
    "pct3ResTime" : 261.0,
    "throughput" : 0.4061549887437046,
    "receivedKBytesPerSec" : 0.18602215793046625,
    "sentKBytesPerSec" : 0.46935039317253463
  }
}